{
"width": 2501, "height": 2500,
"format": "jpg",
"pixelSizeInMM": 0.0188585,
"type":"hsh",
"colorspace":"rgb",
"lights": [-0.040, -0.944, 0.301, 0.416, -0.837, 0.342, 0.741, -0.585, 0.322, 0.916, -0.087, 0.377, 0.807, 0.415, 0.394, 0.502, 0.760, 0.381, 0.097, 0.909, 0.376, -0.349, 0.882, 0.298, -0.676, 0.671, 0.294, -0.958, -0.043, 0.262, -0.834, -0.484, 0.227, -0.533, -0.779, 0.298, -0.007, -0.812, 0.568, 0.415, -0.712, 0.556, 0.688, -0.424, 0.579, 0.807, -0.160, 0.557, 0.776, 0.165, 0.594, 0.550, 0.539, 0.618, 0.008, 0.757, 0.637, -0.180, 0.780, 0.584, -0.696, 0.400, 0.587, -0.812, -0.097, 0.561, -0.692, -0.437, 0.557, -0.400, -0.708, 0.561, 0.009, -0.619, 0.772, 0.293, -0.547, 0.772, 0.403, -0.396, 0.813, 0.567, -0.092, 0.806, 0.503, 0.216, 0.823, 0.323, 0.462, 0.811, 0.028, 0.562, 0.811, -0.189, 0.622, 0.746, -0.528, 0.369, 0.755, -0.638, -0.136, 0.744, -0.514, -0.356, 0.764, -0.255, -0.620, 0.727, -0.032, -0.468, 0.870, 0.225, -0.458, 0.846, 0.364, -0.268, 0.879, 0.382, -0.110, 0.905, 0.401, 0.142, 0.891, 0.395, 0.351, 0.834, 0.018, 0.325, 0.931, -0.116, 0.553, 0.810, -0.406, 0.298, 0.852, -0.554, -0.055, 0.818, -0.412, -0.010, 0.898, -0.398, -0.200, 0.881, -0.333, -0.405, 0.837, -0.207, -0.481, 0.838, -0.306, 0.559, 0.757, -0.669, 0.410, 0.608, 0.877, 0.122, 0.449, 0.412, 0.376, 0.814, 0.117, 0.617, 0.762, -0.150, 0.653, 0.728, -0.533, -0.708, 0.438, 0.751, -0.586, 0.294, 0.490, 0.805, 0.292, -0.280, 0.861, 0.403],
"nplanes": 27,
"quality": 95,
"colorProfile": "Adobe RGB 1998",
"materials": [
{
 "scale": [1.42134,1.28061,1.07649,1.08977,1.02897,0.904066,1.02755,1.04829,0.97467,1.08483,1.03236,0.922387,0.422223,0.413189,0.368842,0.461977,0.444115,0.397191,0.611657,0.600139,0.555656,0.408005,0.395785,0.364818,0.402249,0.395326,0.366651],
 "bias": [-0.216772,-0.210563,-0.167332,0.525295,0.521436,0.521981,0.0171051,0.0779965,0.125606,0.506538,0.504963,0.505233,0.365576,0.387268,0.4203,0.440912,0.469891,0.507996,0.485102,0.481785,0.470255,0.500913,0.495884,0.48533,0.604589,0.596142,0.568903] }
]
}
